nesting,A_id,A_name,relationship,B_id,B_name,remark
1,A.Primates,3 matches follow:,,
1,,by topology,B.Strepsirrhini,
1,,by topology,B.Haplorrhini,
1,,by topology,B.Primates,
2,A.unclassified_Primates,unique by topology,B.unclassified_Primates,
3,A.Japanese_monkeys,unique accepted/synonym,B.Japanese_monkeys,synonym of B.Macaca_fuscata Macaca fuscata
3,A.marmosets,unique accepted/accepted,B.marmosets,
3,A.unidentified_monkey,unique accepted/accepted,B.unidentified_monkey,
3,A.Primates_sp._BOLD:AAA0001,unique accepted/accepted,B.Primates_sp._BOLD:AAA0001,
3,A.Primates_sp._BOLD:AAC9009,unique accepted/accepted,B.Primates_sp._BOLD:AAC9009,
3,A.Primates_sp._BOLD:AAE4744,unique accepted/accepted,B.Primates_sp._BOLD:AAE4744,
3,A.Primates_sp._BOLD:AAJ7304,unique accepted/accepted,B.Primates_sp._BOLD:AAJ7304,
3,A.Primates_sp._BOLD:AAO0053,unique accepted/accepted,B.Primates_sp._BOLD:AAO0053,
3,A.Primates_sp._BOLD:AAC7735,unique accepted/accepted,B.Primates_sp._BOLD:AAC7735,
3,A.Primates_sp._BOLD:AAD0215,unique accepted/accepted,B.Primates_sp._BOLD:AAD0215,
3,A.Primates_sp._BOLD:AAF0367,unique accepted/accepted,B.Primates_sp._BOLD:AAF0367,
2,A.Strepsirrhini,3 matches follow:,,
2,,by topology,B.Lemuriformes,
2,,by topology,B.Lorisiformes,
2,,synonym/synonym,B.Strepsirhini,synonym of B.Strepsirrhini Strepsirrhini
3,A.Lemuriformes,5 matches follow:,,
3,,by topology,B.Lemuridae,
3,,by topology,B.Indriidae,
3,,by topology,B.Lepilemuridae,
3,,by topology,B.Cheirogaleidae,
3,,by topology,B.Paleopropithecidae,
4,A.Lemuridae,2 matches follow:,,
4,,by topology,B.Lemur,
4,,synonym/synonym,B.lemurs,synonym of B.Lemuridae Lemuridae
5,A.Lemur,unique by topology,B.unclassified_Lemur,
6,A.Lemur_catta,unique accepted/accepted,B.Lemur_catta,
6,A.Lemur_sp.,unique accepted/accepted,B.Lemur_sp.,
5,A.Varecia,unique by topology,B.Varecia,
6,A.Varecia_variegata,unique by topology,B.Varecia_variegata,
7,A.Varecia_variegata_variegata,unique accepted/accepted,B.Varecia_variegata_variegata,
6,A.Varecia_rubra,unique accepted/accepted,B.Varecia_rubra,
5,A.Eulemur,unique by topology,B.Eulemur,
6,A.Eulemur_coronatus,unique accepted/accepted,B.Eulemur_coronatus,
6,A.Eulemur_fulvus,unique by topology,B.Eulemur_fulvus,
7,A.Eulemur_fulvus_mayottensis,unique accepted/accepted,B.Eulemur_fulvus_mayottensis,
7,A.Eulemur_fulvus_fulvus,unique accepted/accepted,B.Eulemur_fulvus_fulvus,
7,A.Eulemur_fulvus_collaris,unique accepted/accepted,B.Eulemur_fulvus_collaris,
7,A.Eulemur_fulvus_albocollaris,unique accepted/accepted,B.Eulemur_fulvus_albocollaris,
6,A.Eulemur_macaco,unique by topology,B.Eulemur_macaco,
7,A.Eulemur_macaco_macaco,unique accepted/accepted,B.Eulemur_macaco_macaco,
6,A.Eulemur_mongoz,unique accepted/accepted,B.Eulemur_mongoz,
6,A.Eulemur_rubriventer,unique accepted/accepted,B.Eulemur_rubriventer,
6,A.Eulemur_flavifrons,unique accepted/accepted,B.Eulemur_flavifrons,
6,A.Eulemur_sanfordi,unique accepted/accepted,B.Eulemur_sanfordi,
6,A.Eulemur_cinereiceps,unique accepted/accepted,B.Eulemur_cinereiceps,
6,A.Eulemur_rufus,unique accepted/accepted,B.Eulemur_rufus,
6,A.Eulemur_rufifrons,unique accepted/accepted,B.Eulemur_rufifrons,
6,A.Eulemur_albifrons,unique accepted/accepted,B.Eulemur_albifrons,
6,A.Eulemur_hybrids,no match in B,,
7,A.Eulemur_albifrons_x_rufifrons,unique accepted/accepted,B.Eulemur_albifrons_x_rufifrons,
7,A.Eulemur_albifrons_x_cinereiceps,unique accepted/accepted,B.Eulemur_albifrons_x_cinereiceps,
7,A.Eulemur_cinereiceps_x_rufifrons,unique accepted/accepted,B.Eulemur_cinereiceps_x_rufifrons,
5,A.Hapalemur,unique by topology,B.Hapalemur,
6,A.Hapalemur_griseus,unique by topology,B.Hapalemur_griseus,
7,A.Hapalemur_griseus_griseus,unique accepted/accepted,B.Hapalemur_griseus_griseus,
7,A.Hapalemur_griseus_alaotrensis,unique accepted/accepted,B.Hapalemur_griseus_alaotrensis,
7,A.Hapalemur_griseus_occidentalis,unique accepted/accepted,B.Hapalemur_griseus_occidentalis,
7,A.Hapalemur_griseus_meridionalis,unique accepted/accepted,B.Hapalemur_griseus_meridionalis,
7,A.Hapalemur_griseus_JF2002,unique accepted/accepted,B.Hapalemur_griseus_JF2002,
6,A.Hapalemur_aureus,unique accepted/accepted,B.Hapalemur_aureus,
6,A.Hapalemur_occidentalis,unique accepted/accepted,B.Hapalemur_occidentalis,
5,A.Prolemur,unique by topology,B.Prolemur,
6,A.Prolemur_simus,unique accepted/accepted,B.Prolemur_simus,
4,A.Indriidae,2 matches follow:,,
4,,by topology,B.Propithecus,
4,,synonym/synonym,B.Indridae,synonym of B.Indriidae Indriidae
5,A.Propithecus,2 matches follow:,,
5,,by topology,B.unclassified_Propithecus,
5,,synonym/synonym,B.sifakas,synonym of B.Propithecus Propithecus
6,A.Propithecus_tattersalli,unique accepted/accepted,B.Propithecus_tattersalli,
6,A.Propithecus_verreauxi,unique by topology,B.Propithecus_verreauxi,
7,A.Propithecus_verreauxi_verreauxi,unique accepted/accepted,B.Propithecus_verreauxi_verreauxi,
6,A.Propithecus_sp.,unique accepted/accepted,B.Propithecus_sp.,
6,A.Propithecus_diadema,unique by topology,B.Propithecus_diadema,
7,A.Propithecus_diadema_diadema,unique accepted/accepted,B.Propithecus_diadema_diadema,
7,A.Propithecus_diadema_marshi,unique accepted/accepted,B.Propithecus_diadema_marshi,
6,A.Propithecus_coquereli,unique accepted/accepted,B.Propithecus_coquereli,
6,A.Propithecus_deckenii,unique by topology,B.Propithecus_deckenii,
7,A.Propithecus_deckenii_coronatus,unique accepted/accepted,B.Propithecus_deckenii_coronatus,
7,A.Propithecus_deckenii_deckenii,unique accepted/accepted,B.Propithecus_deckenii_deckenii,
6,A.Propithecus_edwardsi,unique accepted/accepted,B.Propithecus_edwardsi,
6,A.Propithecus_candidus,unique accepted/accepted,B.Propithecus_candidus,
6,A.Propithecus_perrieri,unique accepted/accepted,B.Propithecus_perrieri,
5,A.Indri,unique by topology,B.Indri,
6,A.Indri_indri,unique accepted/accepted,B.Indri_indri,
5,A.Avahi,unique by topology,B.Avahi,
6,A.Avahi_laniger,unique accepted/accepted,B.Avahi_laniger,
6,A.Avahi_occidentalis,unique accepted/accepted,B.Avahi_occidentalis,
6,A.Avahi_unicolor,unique accepted/accepted,B.Avahi_unicolor,
6,A.Avahi_cleesei,unique accepted/accepted,B.Avahi_cleesei,
6,A.Avahi_peyrierasi,unique accepted/accepted,B.Avahi_peyrierasi,
5,A.Archaeolemur,unique by topology,B.Archaeolemur,
6,A.Archaeolemur_majori,unique accepted/accepted,B.Archaeolemur_majori,
6,A.Archaeolemur_edwardsi,unique accepted/accepted,B.Archaeolemur_edwardsi,
5,A.Hadropithecus,unique by topology,B.Hadropithecus,
6,A.Hadropithecus_stenognathus,unique accepted/accepted,B.Hadropithecus_stenognathus,
4,A.Lepilemuridae,3 matches follow:,,
4,,by topology,B.Lepilemur,
4,,by topology,B.Megaladapis,
4,,synonym/synonym,B.Megaladapidae,synonym of B.Lepilemuridae Lepilemuridae
5,A.Lepilemur,unique by topology,B.unclassified_Lepilemur,
6,A.Lepilemur_mustelinus,unique accepted/accepted,B.Lepilemur_mustelinus,
6,A.Lepilemur_dorsalis,unique accepted/accepted,B.Lepilemur_dorsalis,
6,A.Lepilemur_septentrionalis,unique accepted/accepted,B.Lepilemur_septentrionalis,
6,A.Lepilemur_ruficaudatus,unique accepted/accepted,B.Lepilemur_ruficaudatus,
6,A.Lepilemur_leucopus,unique accepted/accepted,B.Lepilemur_leucopus,
6,A.Lepilemur_edwardsi,unique accepted/accepted,B.Lepilemur_edwardsi,
6,A.Lepilemur_microdon,unique accepted/accepted,B.Lepilemur_microdon,
6,A.Lepilemur_sp._RANO236,unique accepted/accepted,B.Lepilemur_sp._RANO236,
6,A.Lepilemur_sp._RANO234,unique accepted/accepted,B.Lepilemur_sp._RANO234,
6,A.Lepilemur_sp._RANO235,unique accepted/accepted,B.Lepilemur_sp._RANO235,
6,A.Lepilemur_mitsinjoensis,unique accepted/accepted,B.Lepilemur_mitsinjoensis,
6,A.Lepilemur_seali,unique accepted/accepted,B.Lepilemur_seali,
6,A.Lepilemur_sahamalazensis,unique accepted/accepted,B.Lepilemur_sahamalazensis,
6,A.Lepilemur_aeeclis,unique accepted/accepted,B.Lepilemur_aeeclis,
6,A.Lepilemur_ankaranensis,unique accepted/accepted,B.Lepilemur_ankaranensis,
6,A.Lepilemur_mittermeieri,unique accepted/accepted,B.Lepilemur_mittermeieri,
6,A.Lepilemur_sp._hubbardi,unique accepted/accepted,B.Lepilemur_sp._hubbardi,
6,A.Lepilemur_manasamody,unique accepted/accepted,B.Lepilemur_manasamody,
6,A.Lepilemur_otto,unique accepted/accepted,B.Lepilemur_otto,
6,A.Lepilemur_jamesi,2 matches follow:,,
6,,synonym/synonym,"B.Lepilemur_jamesi_Louis_et_al.,_2006",synonym of B.Lepilemur_jamesorum Lepilemur jamesorum
6,,mrca of B-synonyms,B.Lepilemur_jamesorum,
6,A.Lepilemur_hubbardorum,unique accepted/accepted,B.Lepilemur_hubbardorum,
6,A.Lepilemur_petteri,unique accepted/accepted,B.Lepilemur_petteri,
6,A.Lepilemur_randrianasoloi,unique accepted/accepted,B.Lepilemur_randrianasoloi,
5,A.Megaladapis,unique by topology,B.unclassified_Megaladapis,
6,A.Megaladapis_sp.,unique accepted/accepted,B.Megaladapis_sp.,
6,A.Megaladapis_edwardsi,unique accepted/accepted,B.Megaladapis_edwardsi,
6,A.Megaladapis_sp._UA5482,unique accepted/accepted,B.Megaladapis_sp._UA5482,
6,A.Megaladapis_sp._UA4823,unique accepted/accepted,B.Megaladapis_sp._UA4823,
6,A.Megaladapis_sp._UA4821,unique accepted/accepted,B.Megaladapis_sp._UA4821,
6,A.Megaladapis_sp._UA4822,unique accepted/accepted,B.Megaladapis_sp._UA4822,
5,,placed with sibling(s),B.Lepilemur_ahmansonorum,
5,,placed with sibling(s),B.Lepilemur_betsileo,
5,,placed with sibling(s),B.Lepilemur_fleuretae,
5,,placed with sibling(s),B.Lepilemur_grewcockorum,
5,,placed with sibling(s),B.Lepilemur_hollandorum,
5,,placed with sibling(s),B.Lepilemur_milanoii,
5,,placed with sibling(s),B.Lepilemur_scottorum,
5,,placed with sibling(s),B.Lepilemur_tymerlachsoni,
5,,placed with sibling(s),B.Lepilemur_wrightae,
4,A.Cheirogaleidae,3 matches follow:,,
4,,by topology,B.Microcebus,
4,,by topology,B.Mirza,
4,,synonym/synonym,B.dwarf_and_mouse_lemurs,synonym of B.Cheirogaleidae Cheirogaleidae
5,A.Cheirogaleus,unique by topology,B.Cheirogaleus,
6,A.Cheirogaleus_medius,unique accepted/accepted,B.Cheirogaleus_medius,
6,A.Cheirogaleus_major,unique accepted/accepted,B.Cheirogaleus_major,
6,A.Cheirogaleus_crossleyi,unique accepted/accepted,B.Cheirogaleus_crossleyi,
6,A.Cheirogaleus_sibreei,unique accepted/accepted,B.Cheirogaleus_sibreei,
6,A.Cheirogaleus_minusculus,unique accepted/accepted,B.Cheirogaleus_minusculus,
6,,placed with sibling(s),B.Cheirogaleus_lavasoensis,
5,A.Microcebus,unique by topology,B.unclassified_Microcebus,
6,A.Microcebus_murinus,unique accepted/accepted,B.Microcebus_murinus,
6,A.Microcebus_ravelobensis,unique accepted/accepted,B.Microcebus_ravelobensis,
6,A.Microcebus_rufus,unique accepted/accepted,B.Microcebus_rufus,
6,A.Microcebus_myoxinus,unique accepted/accepted,B.Microcebus_myoxinus,
6,A.Microcebus_tavaratra,unique accepted/accepted,B.Microcebus_tavaratra,
6,A.Microcebus_berthae,unique accepted/accepted,B.Microcebus_berthae,
6,A.Microcebus_sambiranensis,unique accepted/accepted,B.Microcebus_sambiranensis,
6,A.Microcebus_griseorufus,unique accepted/accepted,B.Microcebus_griseorufus,
6,A.Microcebus_simmonsi,unique accepted/accepted,B.Microcebus_simmonsi,
6,A.Microcebus_mittermeieri,unique accepted/accepted,B.Microcebus_mittermeieri,
6,A.Microcebus_jollyae,unique accepted/accepted,B.Microcebus_jollyae,
6,A.Microcebus_sp._EELHDZ_M98,unique accepted/accepted,B.Microcebus_sp._EELHDZ_M98,
6,A.Microcebus_sp._EELHDZ_TAD23,unique accepted/accepted,B.Microcebus_sp._EELHDZ_TAD23,
6,A.Microcebus_sp._EELHDZ_VEV33,unique accepted/accepted,B.Microcebus_sp._EELHDZ_VEV33,
6,A.Microcebus_sp._EELHDZ_VEV35,unique accepted/accepted,B.Microcebus_sp._EELHDZ_VEV35,
6,A.Microcebus_lehilahytsara,unique accepted/accepted,B.Microcebus_lehilahytsara,
6,A.Microcebus_sp._ANT5.1,unique accepted/accepted,B.Microcebus_sp._ANT5.1,
6,A.Microcebus_bongolavensis,unique accepted/accepted,B.Microcebus_bongolavensis,
6,A.Microcebus_danfossi,unique accepted/accepted,B.Microcebus_danfossi,
6,A.Microcebus_lokobensis,unique accepted/accepted,B.Microcebus_lokobensis,
6,A.Microcebus_sp._Ambongabe,unique accepted/accepted,B.Microcebus_sp._Ambongabe,
6,A.Microcebus_sp._Bora,unique accepted/accepted,B.Microcebus_sp._Bora,
6,A.Microcebus_sp._Mahajamba-Est,unique accepted/accepted,B.Microcebus_sp._Mahajamba-Est,
6,A.Microcebus_sp._Maroakata,unique accepted/accepted,B.Microcebus_sp._Maroakata,
6,A.Microcebus_mamiratra,unique accepted/accepted,B.Microcebus_mamiratra,
6,A.Microcebus_macarthurii,unique accepted/accepted,B.Microcebus_macarthurii,
6,A.Microcebus_sp._Anjiahely,unique accepted/accepted,B.Microcebus_sp._Anjiahely,
6,A.Microcebus_sp._DWW-2010a,unique accepted/accepted,B.Microcebus_sp._DWW-2010a,
6,A.Microcebus_arnholdi,unique accepted/accepted,B.Microcebus_arnholdi,
6,A.Microcebus_margotmarshae,unique accepted/accepted,B.Microcebus_margotmarshae,
6,A.Microcebus_gerpi,unique accepted/accepted,B.Microcebus_gerpi,
6,A.Microcebus_tanosi,unique accepted/accepted,B.Microcebus_tanosi,
6,A.Microcebus_marohita,unique accepted/accepted,B.Microcebus_marohita,
6,A.Microcebus_sp._d'Ambre,unique accepted/accepted,B.Microcebus_sp._d'Ambre,
6,,placed with sibling(s),B.Microcebus_sp._Antanosy,
6,,placed with sibling(s),B.Microcebus_sp._3_GT-2019,
5,A.Mirza,unique by topology,B.unclassified_Mirza,
6,A.Mirza_coquereli,unique accepted/accepted,B.Mirza_coquereli,
6,A.Mirza_zaza,unique accepted/accepted,B.Mirza_zaza,
6,A.Mirza_sp._001y03,unique accepted/accepted,B.Mirza_sp._001y03,
5,A.Allocebus,unique by topology,B.Allocebus,
6,A.Allocebus_trichotis,unique accepted/accepted,B.Allocebus_trichotis,
5,A.Phaner,unique by topology,B.Phaner,
6,A.Phaner_furcifer,unique accepted/accepted,B.Phaner_furcifer,
6,A.Phaner_pallescens,unique accepted/accepted,B.Phaner_pallescens,
6,A.Phaner_electromontis,unique accepted/accepted,B.Phaner_electromontis,
6,A.Phaner_parienti,unique accepted/accepted,B.Phaner_parienti,
5,,placed with sibling(s),B.Microcebus_ganzhorni,
4,A.Paleopropithecidae,unique by topology,B.Palaeopropithecus,
5,A.Palaeopropithecus,unique by topology,B.unclassified_Palaeopropithecus,
6,A.Palaeopropithecus_sp._UA4466,unique accepted/accepted,B.Palaeopropithecus_sp._UA4466,
6,A.Palaeopropithecus_sp._UA6184,unique accepted/accepted,B.Palaeopropithecus_sp._UA6184,
6,A.Palaeopropithecus_sp._KPK-2005,unique accepted/accepted,B.Palaeopropithecus_sp._KPK-2005,
5,,placed with sibling(s),B.Palaeopropithecus_ingens,
5,,placed with sibling(s),B.Palaeopropithecus_maximus,
4,,placed with sibling(s),B.Pachylemur,
5,,,B.Pachylemur_jullyi,
3,A.Chiromyiformes,2 matches follow:,,
3,,by topology,B.Chiromyiformes,
3,,by topology,B.Lorisidae,
4,A.Lorisidae,2 matches follow:,,
4,,by topology,B.Nycticebus,
4,,synonym/synonym,B.Loridae,synonym of B.Lorisidae Lorisidae
5,A.Loris,unique by topology,B.Loris,
6,A.Loris_tardigradus,unique by topology,B.Loris_tardigradus,
7,A.Loris_tardigradus_nordicus,unique accepted/accepted,B.Loris_tardigradus_nordicus,
7,,placed with sibling(s),B.Loris_tardigradus_tardigradus,
6,A.Loris_lydekkerianus,unique by topology,B.Loris_lydekkerianus,
7,A.Loris_lydekkerianus_malabaricus,unique accepted/accepted,B.Loris_lydekkerianus_malabaricus,
7,,placed with sibling(s),B.Loris_lydekkerianus_lydekkerianus,
5,A.Nycticebus,unique by topology,B.unclassified_Nycticebus,
6,A.Nycticebus_coucang,unique by topology,B.Nycticebus_coucang,
7,A.Nycticebus_coucang_coucang,unique accepted/accepted,B.Nycticebus_coucang_coucang,
7,,placed with sibling(s),B.Nycticebus_coucang_insularis,
6,A.Nycticebus_intermedius,unique accepted/synonym,B.Nycticebus_intermedius,synonym of B.Nycticebus_pygmaeus Nycticebus pygmaeus
6,A.Nycticebus_pygmaeus,unique accepted/accepted,B.Nycticebus_pygmaeus,
6,A.Nycticebus_sp.,unique accepted/accepted,B.Nycticebus_sp.,
6,A.Nycticebus_bengalensis,unique accepted/accepted,B.Nycticebus_bengalensis,
6,A.Nycticebus_menagensis,unique accepted/accepted,B.Nycticebus_menagensis,
6,A.Nycticebus_javanicus,unique accepted/accepted,B.Nycticebus_javanicus,
5,A.Perodicticus,unique by topology,B.Perodicticus,
6,A.Perodicticus_potto,unique by topology,B.Perodicticus_potto,
7,A.Perodicticus_potto_edwarsi,unique accepted/accepted,B.Perodicticus_potto_edwarsi,
7,A.Perodicticus_potto_ibeanus,unique accepted/accepted,B.Perodicticus_potto_ibeanus,
5,A.Arctocebus,unique by topology,B.Arctocebus,
6,A.Arctocebus_calabarensis,unique accepted/accepted,B.Arctocebus_calabarensis,
6,A.Arctocebus_aureus,unique accepted/accepted,B.Arctocebus_aureus,
4,A.Daubentoniidae,unique by topology,B.Daubentoniidae,
5,A.Daubentonia,unique by topology,B.Daubentonia,
6,A.Daubentonia_madagascariensis,unique accepted/accepted,B.Daubentonia_madagascariensis,
3,A.Lorisiformes,unique by topology,B.Galagidae,
4,A.Galagidae,3 matches follow:,,
4,,by topology,B.Galago,
4,,by topology,B.Galagoides,
4,,synonym/synonym,B.Galagonidae,synonym of B.Galagidae Galagidae
5,A.Galago,unique by topology,B.unclassified_Galago,
6,A.Galago_sp.,unique accepted/accepted,B.Galago_sp.,
6,A.Galago_senegalensis,unique accepted/accepted,B.Galago_senegalensis,
7,,placed with sibling(s),B.Galago_senegalensis_senegalensis,
7,,placed with sibling(s),B.Galago_senegalensis_braccatus,
6,A.Galago_moholi,unique accepted/accepted,B.Galago_moholi,
6,A.Galago_alleni,unique accepted/accepted,B.Galago_alleni,
6,A.Galago_gallarum,unique accepted/accepted,B.Galago_gallarum,
6,A.Galago_matschiei,unique accepted/accepted,B.Galago_matschiei,
6,A.Galago_gabonensis,unique accepted/accepted,B.Galago_gabonensis,
6,A.Galago_granti,unique accepted/accepted,B.Galago_granti,
6,A.Galago_thomasi,2 matches follow:,,
6,,accepted/synonym,B.Galago_thomasi,synonym of B.Galagoides_thomasi Galagoides thomasi
6,,mrca of B-synonyms,B.Galagoides_thomasi,
5,A.Otolemur,unique by topology,B.Otolemur,
6,A.Otolemur_crassicaudatus,unique accepted/accepted,B.Otolemur_crassicaudatus,
6,A.Otolemur_garnettii,unique by topology,B.Otolemur_garnettii,
7,A.Otolemur_garnettii_garnettii,unique accepted/accepted,B.Otolemur_garnettii_garnettii,
6,A.Otolemur_monteiri,unique by topology,B.Otolemur_monteiri,
7,A.Otolemur_monteiri_monteiri,unique accepted/accepted,B.Otolemur_monteiri_monteiri,
7,A.Otolemur_monteiri_argentatus,unique accepted/accepted,B.Otolemur_monteiri_argentatus,
5,A.Galagoides,no match in B,,
6,A.Galagoides_demidoff,unique accepted/accepted,B.Galagoides_demidoff,
7,,placed with sibling(s),B.Galagoides_demidoff_murinus,
6,A.Galagoides_zanzibaricus,unique accepted/accepted,B.Galagoides_zanzibaricus,
7,,placed with sibling(s),B.Galagoides_zanzibaricus_udzungwensis,
7,,placed with sibling(s),B.Galagoides_zanzibaricus_zanzibaricus,
6,A.Galagoides_orinus,unique accepted/accepted,B.Galagoides_orinus,
6,A.Galagoides_cocos,unique accepted/accepted,B.Galagoides_cocos,
5,A.Euoticus,unique by topology,B.Euoticus,
6,A.Euoticus_elegantulus,unique accepted/accepted,B.Euoticus_elegantulus,
5,,placed with sibling(s),B.Galagoides_rondoensis,
4,,placed with sibling(s),B.Paragalago,
5,,,B.Paragalago_cocos,
5,,,B.Paragalago_zanzibaricus,
2,A.Haplorrhini,2 matches follow:,,
2,,by topology,B.Simiiformes,
2,,by topology,B.Tarsiiformes,
3,A.Simiiformes,3 matches follow:,,
3,,by topology,B.Platyrrhini,
3,,by topology,B.Catarrhini,
3,,synonym/synonym,B.Anthropoidea,synonym of B.Simiiformes Simiiformes
4,A.Platyrrhini,5 matches follow:,,
4,,by topology,B.Cebidae,
4,,by topology,B.Aotidae,
4,,by topology,B.Pitheciidae,
4,,by topology,B.Atelidae,
4,,synonym/synonym,B.New_World_monkeys,synonym of B.Platyrrhini Platyrrhini
5,A.Cebidae,3 matches follow:,,
5,,by topology,B.Callitrichinae,
5,,by topology,B.Cebinae,
5,,by topology,B.Saimiriinae,
6,A.Callitrichinae,4 matches follow:,,
6,,by topology,B.Callithrix#9481,
6,,by topology,B.Saguinus,
6,,by topology,B.Callimico,
6,,synonym/synonym,B.Callithricidae,synonym of B.Callitrichinae Callitrichinae
7,A.Callithrix,5 matches follow:,,
7,,by topology,B.Callithrix#1965096,
7,,by topology,B.Cebuella,
7,,by topology,B.Calibella,
7,,by topology,B.Mico,
7,,synonym/synonym,B.9492_merged_into_9481,synonym of B.Callithrix#9481 Callithrix
8,A.Callithrix_argentata,unique by topology,B.Mico_argentatus,
9,A.Callithrix_argentata_argentata,2 matches follow:,,
9,,accepted/synonym,B.Callithrix_argentata_argentata,synonym of B.Mico_argentatus_argentatus Mico argentatus argentatus
9,,mrca of B-synonyms,B.Mico_argentatus_argentatus,
8,A.Callithrix_jacchus,unique accepted/accepted,B.Callithrix_jacchus,
8,A.Callithrix_sp.,unique accepted/accepted,B.Callithrix_sp.,
8,A.Callithrix_pygmaea,unique accepted/accepted,B.Callithrix_pygmaea,
8,A.Callithrix_emiliae,2 matches follow:,,
8,,synonym/accepted,B.Mico_emiliae,
8,,accepted/synonym,B.Callithrix_emiliae,synonym of B.Mico_emiliae Mico emiliae
8,A.Callithrix_geoffroyi,unique accepted/accepted,B.Callithrix_geoffroyi,
8,A.Callithrix_humeralifera,2 matches follow:,,
8,,synonym/accepted,B.Mico_humeralifer,
8,,accepted/synonym,B.Callithrix_humeralifera,synonym of B.Mico_humeralifer Mico humeralifer
8,A.Callithrix_aurita,unique accepted/accepted,B.Callithrix_aurita,
8,A.Callithrix_mauesi,2 matches follow:,,
8,,synonym/accepted,B.Mico_mauesi,
8,,accepted/synonym,B.Callithrix_mauesi,synonym of B.Mico_mauesi Mico mauesi
8,A.Callithrix_penicillata,unique accepted/accepted,B.Callithrix_penicillata,
8,A.Callithrix_cf._emiliae,2 matches follow:,,
8,,synonym/accepted,B.Mico_cf._emiliae,
8,,accepted/synonym,B.Callithrix_cf._emiliae,synonym of B.Mico_cf._emiliae Mico cf. emiliae
8,A.Callithrix_saterei,2 matches follow:,,
8,,synonym/accepted,B.Mico_saterei,
8,,accepted/synonym,B.Callithrix_saterei,synonym of B.Mico_saterei Mico saterei
8,A.Callithrix_sp._DB-2003,unique accepted/accepted,B.Callithrix_sp._DB-2003,
8,A.Callithrix_humilis,unique accepted/accepted,B.Callithrix_humilis,
8,A.Callithrix_kuhlii,unique accepted/accepted,B.Callithrix_kuhlii,
8,A.Callithrix_melanura,2 matches follow:,,
8,,accepted/synonym,B.Callithrix_melanura,synonym of B.Mico_melanurus Mico melanurus
8,,mrca of B-synonyms,B.Mico_melanurus,
8,A.Callithrix_rondoni,2 matches follow:,,
8,,synonym/accepted,B.Mico_rondoni,
8,,accepted/synonym,B.Callithrix_rondoni,synonym of B.Mico_rondoni Mico rondoni
8,A.Callithrix_flaviceps,unique accepted/accepted,B.Callithrix_flaviceps,
8,A.Callithrix_jacchus_x_penicillata,unique accepted/accepted,B.Callithrix_jacchus_x_penicillata,
8,,placed with sibling(s),B.Mico_chrysoleucus,
8,,placed with sibling(s),B.Mico_intermedius,
8,,placed with sibling(s),B.Mico_leucippe,
8,,placed with sibling(s),B.Mico_marcai,
8,,placed with sibling(s),B.Mico_munduruku,
7,A.Saguinus,2 matches follow:,,
7,,by topology,B.unclassified_Saguinus,
7,,by topology,B.Leontocebus,
8,A.Saguinus_fuscicollis,unique by topology,B.Leontocebus_fuscicollis,
9,A.Saguinus_fuscicollis_fuscicollis,no match in B,,
9,A.Saguinus_fuscicollis_weddelli,2 matches follow:,,
9,,accepted/synonym,B.Saguinus_fuscicollis_weddelli,synonym of B.Leontocebus_fuscicollis_weddelli Leontocebus fuscicollis weddelli
9,,mrca of B-synonyms,B.Leontocebus_fuscicollis_weddelli,
9,A.Saguinus_fuscicollis_leucogenys,2 matches follow:,,
9,,accepted/synonym,B.Saguinus_fuscicollis_leucogenys,synonym of B.Leontocebus_fuscicollis_leucogenys Leontocebus fuscicollis leucogenys
9,,mrca of B-synonyms,B.Leontocebus_fuscicollis_leucogenys,
9,A.Saguinus_fuscicollis_illigeri,2 matches follow:,,
9,,accepted/synonym,B.Saguinus_fuscicollis_illigeri,synonym of B.Leontocebus_fuscicollis_illigeri Leontocebus fuscicollis illigeri
9,,mrca of B-synonyms,B.Leontocebus_fuscicollis_illigeri,
9,A.Saguinus_fuscicollis_nigrifrons,2 matches follow:,,
9,,accepted/synonym,B.Saguinus_fuscicollis_nigrifrons,synonym of B.Leontocebus_fuscicollis_nigrifrons Leontocebus fuscicollis nigrifrons
9,,mrca of B-synonyms,B.Leontocebus_fuscicollis_nigrifrons,
9,A.Saguinus_fuscicollis_lagonotus,2 matches follow:,,
9,,accepted/synonym,B.Saguinus_fuscicollis_lagonotus,synonym of B.Leontocebus_fuscicollis_lagonotus Leontocebus fuscicollis lagonotus
9,,mrca of B-synonyms,B.Leontocebus_fuscicollis_lagonotus,
9,,placed with sibling(s),B.Leontocebus_fuscicollis_fuscicollis,
8,A.Saguinus_mystax,unique by topology,B.Saguinus_mystax,
9,A.Saguinus_mystax_mystax,unique accepted/accepted,B.Saguinus_mystax_mystax,
8,A.Saguinus_nigricollis,2 matches follow:,,
8,,synonym/synonym,B.black-and-red_tamarin,synonym of B.Leontocebus_nigricollis Leontocebus nigricollis
8,,mrca of B-synonyms,B.Leontocebus_nigricollis,
9,A.Saguinus_nigricollis_nigricollis,no match in B,,
9,,placed with sibling(s),B.Leontocebus_nigricollis_nigricollis,
8,A.Saguinus_oedipus,unique accepted/accepted,B.Saguinus_oedipus,
8,A.Saguinus_imperator,unique by topology,B.Saguinus_imperator,
9,A.Saguinus_imperator_subgrisescens,unique accepted/accepted,B.Saguinus_imperator_subgrisescens,
8,A.Saguinus_midas,unique by topology,B.Saguinus_midas,
9,A.Saguinus_midas_midas,unique accepted/accepted,B.Saguinus_midas_midas,
8,A.Saguinus_bicolor,unique by topology,B.Saguinus_bicolor,
9,A.Saguinus_bicolor_bicolor,unique accepted/accepted,B.Saguinus_bicolor_bicolor,
8,A.Saguinus_geoffroyi,unique accepted/accepted,B.Saguinus_geoffroyi,
8,A.Saguinus_labiatus,unique by topology,B.Saguinus_labiatus,
9,A.Saguinus_labiatus_labiatus,unique accepted/accepted,B.Saguinus_labiatus_labiatus,
8,A.Saguinus_sp.,unique accepted/accepted,B.Saguinus_sp.,
8,A.Saguinus_tripartitus,2 matches follow:,,
8,,synonym/synonym,B.golden-mantled_tamarin,synonym of B.Leontocebus_tripartitus Leontocebus tripartitus
8,,mrca of B-synonyms,B.Leontocebus_tripartitus,
8,A.Saguinus_sp._T1030,unique accepted/accepted,B.Saguinus_sp._T1030,
8,A.Saguinus_leucopus,unique accepted/accepted,B.Saguinus_leucopus,
8,A.Saguinus_niger,unique accepted/accepted,B.Saguinus_niger,
8,A.Saguinus_martinsi,unique accepted/accepted,B.Saguinus_martinsi,
8,A.Saguinus_melanoleucus,unique by topology,B.Saguinus_melanoleucus,
9,A.Saguinus_melanoleucus_melanoleucus,unique accepted/accepted,B.Saguinus_melanoleucus_melanoleucus,
8,A.Saguinus_graellsi,unique accepted/accepted,B.Saguinus_graellsi,
8,A.Saguinus_inustus,unique accepted/accepted,B.Saguinus_inustus,
8,,placed with sibling(s),B.Saguinus_sp._EG-2017,
8,,placed with sibling(s),B.Leontocebus_cruzlimai,
7,A.Callimico,unique by topology,B.unclassified_Callimico,
8,A.Callimico_goeldii,unique accepted/accepted,B.Callimico_goeldii,
8,A.Callimico_sp._MAS-2011,unique accepted/accepted,B.Callimico_sp._MAS-2011,
8,,placed with sibling(s),B.Callimico_sp.,
7,A.Leontopithecus,unique by topology,B.Leontopithecus,
8,A.Leontopithecus_rosalia,unique accepted/accepted,B.Leontopithecus_rosalia,
8,A.Leontopithecus_chrysomelas,unique accepted/accepted,B.Leontopithecus_chrysomelas,
8,A.Leontopithecus_chrysopygus,unique accepted/accepted,B.Leontopithecus_chrysopygus,
7,,placed with sibling(s),B.Saguinus_geoffroyi_x_Saguinus_leucopus,
7,,placed with sibling(s),B.Saguinus_oedipus_x_Saguinus_leucopus,
6,A.Cebinae,unique by topology,B.Cebus,
7,A.Cebus,2 matches follow:,,
7,,by topology,B.unclassified_Cebus,
7,,synonym/synonym,B.capuchin_monkeys,synonym of B.Cebus Cebus
8,A.Cebus_albifrons,unique accepted/accepted,B.Cebus_albifrons,
8,A.Cebus_capucinus,unique accepted/accepted,B.Cebus_capucinus,
9,,placed with sibling(s),B.Cebus_capucinus_imitator,
8,A.Cebus_sp.,unique accepted/accepted,B.Cebus_sp.,
8,A.Cebus_kaapori,unique accepted/accepted,B.Cebus_kaapori,
8,A.Cebus_olivaceus,unique by topology,B.Cebus_olivaceus,
9,A.Cebus_olivaceus_nigrivittatus,unique accepted/accepted,B.Cebus_olivaceus_nigrivittatus,
9,,placed with sibling(s),B.Cebus_olivaceus_castaneus,
8,A.Cebus_sp._MAS-2011,unique accepted/accepted,B.Cebus_sp._MAS-2011,
8,,placed with sibling(s),B.Cebus_sp._1_EG-2017,
8,,placed with sibling(s),B.Cebus_sp._2_EG-2017,
7,A.Sapajus,unique by topology,B.Sapajus,
8,A.Sapajus_apella,unique by topology,B.Sapajus_apella,
9,A.Sapajus_apella_apella,unique accepted/accepted,B.Sapajus_apella_apella,
9,A.Sapajus_apella_macrocephalus,unique accepted/accepted,B.Sapajus_apella_macrocephalus,
8,A.Sapajus_xanthosternos,unique accepted/accepted,B.Sapajus_xanthosternos,
8,A.Sapajus_cay,unique accepted/accepted,B.Sapajus_cay,
8,A.Sapajus_nigritus,unique by topology,B.Sapajus_nigritus,
9,A.Sapajus_nigritus_robustus,unique accepted/accepted,B.Sapajus_nigritus_robustus,
8,A.Sapajus_flavius,unique accepted/accepted,B.Sapajus_flavius,
8,A.Sapajus_libidinosus,unique accepted/accepted,B.Sapajus_libidinosus,
8,,placed with sibling(s),B.unclassified_Sapajus,
9,,,B.Sapajus_sp.,
9,,,B.Sapajus_sp._9_FD-2018,
9,,,B.Sapajus_sp._10_FD-2018,
9,,,B.Sapajus_sp._22_FD-2018,
9,,,B.Sapajus_sp._M5_FD-2018,
9,,,B.Sapajus_sp._M12_FD-2018,
9,,,B.Sapajus_sp._M39_FD-2018,
7,,placed with sibling(s),B.Cebus_unicolor,
7,,placed with sibling(s),B.Cebus_versicolor,
6,A.unclassified_Cebidae,unique by topology,B.unclassified_Cebidae,
7,A.Aotinae_gen._sp.,unique accepted/accepted,B.Aotinae_gen._sp.,
6,A.Saimiriinae,unique by topology,B.Saimiri,
7,A.Saimiri,2 matches follow:,,
7,,by topology,B.unclassified_Saimiri,
7,,synonym/synonym,B.squirrel_monkeys,synonym of B.Saimiri Saimiri
8,A.Saimiri_sciureus,unique by topology,B.Saimiri_sciureus,
9,A.Saimiri_sciureus_sciureus,unique accepted/accepted,B.Saimiri_sciureus_sciureus,
9,A.Saimiri_sciureus_collinsi,unique accepted/accepted,B.Saimiri_sciureus_collinsi,
9,A.Saimiri_sciureus_albigena,unique accepted/accepted,B.Saimiri_sciureus_albigena,
9,A.Saimiri_sciureus_cassiquiarensis,unique accepted/accepted,B.Saimiri_sciureus_cassiquiarensis,
9,A.Saimiri_sciureus_macrodon,unique accepted/accepted,B.Saimiri_sciureus_macrodon,
8,A.Saimiri_boliviensis,unique by topology,B.Saimiri_boliviensis,
9,A.Saimiri_boliviensis_boliviensis,unique accepted/accepted,B.Saimiri_boliviensis_boliviensis,
9,A.Saimiri_boliviensis_peruviensis,unique accepted/accepted,B.Saimiri_boliviensis_peruviensis,
8,A.Saimiri_ustus,unique accepted/accepted,B.Saimiri_ustus,
8,A.Saimiri_oerstedii,unique by topology,B.Saimiri_oerstedii,
9,A.Saimiri_oerstedii_oerstedii,unique accepted/accepted,B.Saimiri_oerstedii_oerstedii,
9,A.Saimiri_oerstedii_citrinellus,unique accepted/accepted,B.Saimiri_oerstedii_citrinellus,
8,A.Saimiri_sp._MAS-2011,unique accepted/accepted,B.Saimiri_sp._MAS-2011,
8,A.Saimiri_vanzolinii,unique accepted/accepted,B.Saimiri_vanzolinii,
8,A.Saimiri_sp.,unique accepted/accepted,B.Saimiri_sp.,
8,,placed with sibling(s),B.Saimiri_sp._1_EG-2017,
8,,placed with sibling(s),B.Saimiri_sp._2_EG-2017,
8,,placed with sibling(s),B.Saimiri_sp._3_EG-2017,
5,A.Aotidae,unique by topology,B.Aotus,
6,A.Aotus,2 matches follow:,,
6,,by topology,B.unclassified_Aotus_(in:_Chordata),
6,,synonym/synonym,B.night_monkeys,synonym of B.Aotus Aotus
7,A.Aotus_trivirgatus,unique accepted/accepted,B.Aotus_trivirgatus,
7,A.Aotus_azarai,unique by topology,B.Aotus_azarai,
8,A.Aotus_azarai_azarai,unique accepted/accepted,B.Aotus_azarai_azarai,
8,A.Aotus_azarai_boliviensis,unique accepted/accepted,B.Aotus_azarai_boliviensis,
8,A.Aotus_azarai_infulatus,unique accepted/accepted,B.Aotus_azarai_infulatus,
7,A.Aotus_nancymaae,unique accepted/accepted,B.Aotus_nancymaae,
7,A.Aotus_lemurinus,unique accepted/accepted,B.Aotus_lemurinus,
7,A.Aotus_nigriceps,unique accepted/accepted,B.Aotus_nigriceps,
7,A.Aotus_vociferans,unique accepted/accepted,B.Aotus_vociferans,
7,A.Aotus_sp._NIM-2003,unique accepted/accepted,B.Aotus_sp._NIM-2003,
7,A.Aotus_sp.,unique accepted/accepted,B.Aotus_sp.,
7,A.Aotus_sp._PDE-2004,unique accepted/accepted,B.Aotus_sp._PDE-2004,
7,A.Aotus_griseimembra,unique accepted/accepted,B.Aotus_griseimembra,
7,A.Aotus_brumbacki,unique accepted/accepted,B.Aotus_brumbacki,
7,A.Aotus_sp._Aot1,unique accepted/accepted,B.Aotus_sp._Aot1,
7,A.Aotus_sp._SHM-2010,unique accepted/accepted,B.Aotus_sp._SHM-2010,
7,A.Aotus_sp._AVB-2011,unique accepted/accepted,B.Aotus_sp._AVB-2011,
7,A.Aotus_sp._MAS-2011,unique accepted/accepted,B.Aotus_sp._MAS-2011,
7,A.Aotus_sp._LC-2012,unique accepted/accepted,B.Aotus_sp._LC-2012,
7,A.Aotus_zonalis,unique accepted/accepted,B.Aotus_zonalis,
5,A.Pitheciidae,2 matches follow:,,
5,,by topology,B.Pitheciinae,
5,,by topology,B.Callicebinae,
6,A.Pitheciinae,unique by topology,B.Chiropotes,
7,A.Chiropotes,unique by topology,B.unclassified_Chiropotes,
8,A.Chiropotes_satanas,unique accepted/accepted,B.Chiropotes_satanas,
8,A.Chiropotes_albinasus,unique accepted/accepted,B.Chiropotes_albinasus,
8,A.Chiropotes_satanas_x_albinasus,unique accepted/accepted,B.Chiropotes_satanas_x_albinasus,
8,A.Chiropotes_utahicki,2 matches follow:,,
8,,synonym/synonym,B.Chiropotes_satanas_utahicki,synonym of B.Chiropotes_utahickae Chiropotes utahickae
8,,mrca of B-synonyms,B.Chiropotes_utahickae,
8,A.Chiropotes_israelita,unique accepted/accepted,B.Chiropotes_israelita,
8,A.Chiropotes_albinasus_x_satanas,unique accepted/accepted,B.Chiropotes_albinasus_x_satanas,
8,A.Chiropotes_chiropotes,unique by topology,B.Chiropotes_chiropotes,
9,A.Chiropotes_chiropotes_sagulata,unique accepted/accepted,B.Chiropotes_chiropotes_sagulata,
8,A.Chiropotes_sp._MAS-2011,unique accepted/accepted,B.Chiropotes_sp._MAS-2011,
8,,placed with sibling(s),B.Chiropotes_sp._ZFMK_2008.244,
8,,placed with sibling(s),B.Chiropotes_sp.,
7,A.Cacajao,unique by topology,B.Cacajao,
8,A.Cacajao_calvus,unique by topology,B.Cacajao_calvus,
9,A.Cacajao_calvus_calvus,unique accepted/accepted,B.Cacajao_calvus_calvus,
9,A.Cacajao_calvus_novaesi,unique accepted/accepted,B.Cacajao_calvus_novaesi,
9,A.Cacajao_calvus_ucayalli,unique accepted/accepted,B.Cacajao_calvus_ucayalli,
9,A.Cacajao_calvus_rubicundus,unique accepted/accepted,B.Cacajao_calvus_rubicundus,
8,A.Cacajao_melanocephalus,unique accepted/accepted,B.Cacajao_melanocephalus,
8,A.Cacajao_rubicundus,unique accepted/accepted,B.Cacajao_rubicundus,
8,A.Cacajao_ayresi,unique accepted/accepted,B.Cacajao_ayresi,
8,A.Cacajao_hosomi,unique accepted/accepted,B.Cacajao_hosomi,
7,A.Pithecia,unique by topology,B.Pithecia,
8,A.Pithecia_irrorata,unique accepted/accepted,B.Pithecia_irrorata,
8,A.Pithecia_pithecia,unique by topology,B.Pithecia_pithecia,
9,A.Pithecia_pithecia_pithecia,unique accepted/accepted,B.Pithecia_pithecia_pithecia,
8,A.Pithecia_monachus,unique accepted/accepted,B.Pithecia_monachus,
8,,placed with sibling(s),B.unclassified_Pithecia,
9,,,B.Pithecia_sp.,
6,A.Callicebinae,unique by topology,B.Callicebus,
7,A.Callicebus,4 matches follow:,,
7,,by topology,B.unclassified_Callicebus,
7,,by topology,B.Plecturocebus,
7,,by topology,B.Cheracebus,
7,,synonym/synonym,B.titi_monkeys,synonym of B.Callicebus Callicebus
8,A.Callicebus_moloch,2 matches follow:,,
8,,accepted/synonym,B.Callicebus_moloch,synonym of B.Plecturocebus_moloch Plecturocebus moloch
8,,mrca of B-synonyms,B.Plecturocebus_moloch,
8,A.Callicebus_torquatus,2 matches follow:,,
8,,accepted/synonym,B.Callicebus_torquatus,synonym of B.Cheracebus_torquatus Cheracebus torquatus
8,,mrca of B-synonyms,B.Cheracebus_torquatus,
8,A.Callicebus_personatus,unique by topology,B.Callicebus_personatus,
9,A.Callicebus_personatus_nigrifrons,unique accepted/accepted,B.Callicebus_personatus_nigrifrons,
9,A.Callicebus_personatus_personatus,unique accepted/accepted,B.Callicebus_personatus_personatus,
8,A.Callicebus_hoffmannsi,2 matches follow:,,
8,,accepted/synonym,B.Callicebus_hoffmannsi,synonym of B.Plecturocebus_hoffmannsi Plecturocebus hoffmannsi
8,,mrca of B-synonyms,B.Plecturocebus_hoffmannsi,
8,A.Callicebus_sp.,unique accepted/accepted,B.Callicebus_sp.,
8,A.Callicebus_cupreus,2 matches follow:,,
8,,accepted/synonym,B.Callicebus_cupreus,synonym of B.Plecturocebus_cupreus Plecturocebus cupreus
8,,mrca of B-synonyms,B.Plecturocebus_cupreus,
8,A.Callicebus_lugens,2 matches follow:,,
8,,accepted/synonym,B.Callicebus_lugens,synonym of B.Cheracebus_lugens Cheracebus lugens
8,,mrca of B-synonyms,B.Cheracebus_lugens,
8,A.Callicebus_brunneus,2 matches follow:,,
8,,accepted/synonym,B.Callicebus_brunneus,synonym of B.Plecturocebus_brunneus Plecturocebus brunneus
8,,mrca of B-synonyms,B.Plecturocebus_brunneus,
8,A.Callicebus_donacophilus,unique by topology,B.Plecturocebus_donacophilus,
9,A.Callicebus_donacophilus_donacophilus,2 matches follow:,,
9,,accepted/synonym,B.Callicebus_donacophilus_donacophilus,synonym of B.Plecturocebus_donacophilus_donacophilus Plecturocebus donacophilus donacophilus
9,,mrca of B-synonyms,B.Plecturocebus_donacophilus_donacophilus,
8,A.Callicebus_caligatus,2 matches follow:,,
8,,accepted/synonym,B.Callicebus_caligatus,synonym of B.Plecturocebus_caligatus Plecturocebus caligatus
8,,mrca of B-synonyms,B.Plecturocebus_caligatus,
8,A.Callicebus_coimbrai,unique accepted/accepted,B.Callicebus_coimbrai,
8,A.Callicebus_nigrifrons,unique accepted/accepted,B.Callicebus_nigrifrons,
8,A.Callicebus_sp._MAS-2011,unique accepted/accepted,B.Callicebus_sp._MAS-2011,
8,A.Callicebus_purinus,2 matches follow:,,
8,,accepted/synonym,B.Callicebus_purinus,synonym of B.Cheracebus_purinus Cheracebus purinus
8,,mrca of B-synonyms,B.Cheracebus_purinus,
8,,placed with sibling(s),B.Callicebus_sp._1_MH-2016,
8,,placed with sibling(s),B.Callicebus_sp._2_MH-2016,
8,,placed with sibling(s),B.Plecturocebus_bernhardi,
8,,placed with sibling(s),B.Plecturocebus_cinerascens,
8,,placed with sibling(s),B.Plecturocebus_miltoni,
8,,placed with sibling(s),B.Plecturocebus_vieirai,
8,,placed with sibling(s),B.Plecturocebus_grovesi,
8,,placed with sibling(s),B.Cheracebus_lucifer,
7,,placed with sibling(s),B.Callicebus_dubius,
7,,placed with sibling(s),B.Callicebus_caquetensis,
7,,placed with sibling(s),B.Callicebus_ornatus,
7,,placed with sibling(s),B.Callicebus_discolor,
5,A.Atelidae,unique by topology,B.Atelinae,
6,A.Alouattinae,unique by topology,B.Alouattinae,
7,A.Alouatta,unique by topology,B.Alouatta,
8,A.Alouatta_caraya,unique accepted/accepted,B.Alouatta_caraya,
8,A.Alouatta_seniculus,unique by topology,B.Alouatta_seniculus,
9,A.Alouatta_seniculus_seniculus,unique accepted/accepted,B.Alouatta_seniculus_seniculus,
9,A.Alouatta_seniculus_macconnelli,unique accepted/accepted,B.Alouatta_seniculus_macconnelli,
8,A.Alouatta_palliata,unique by topology,B.Alouatta_palliata,
9,A.Alouatta_palliata_mexicana,unique accepted/accepted,B.Alouatta_palliata_mexicana,
9,A.Alouatta_palliata_coibensis,unique accepted/accepted,B.Alouatta_palliata_coibensis,
9,A.Alouatta_palliata_palliata,unique accepted/accepted,B.Alouatta_palliata_palliata,
9,A.Alouatta_palliata_trabeata,unique accepted/accepted,B.Alouatta_palliata_trabeata,
9,A.Alouatta_palliata_aequatorialis,unique accepted/accepted,B.Alouatta_palliata_aequatorialis,
8,A.Alouatta_belzebul,unique by topology,B.Alouatta_belzebul,
9,A.Alouatta_belzebul_belzebul,unique accepted/accepted,B.Alouatta_belzebul_belzebul,
8,A.Alouatta_sara,unique accepted/accepted,B.Alouatta_sara,
8,A.Alouatta_stramineus,unique accepted/accepted,B.Alouatta_stramineus,
8,A.Alouatta_pigra,unique accepted/accepted,B.Alouatta_pigra,
8,A.Alouatta_guariba,unique by topology,B.Alouatta_guariba,
9,A.Alouatta_guariba_clamitans,unique accepted/accepted,B.Alouatta_guariba_clamitans,
8,,placed with sibling(s),B.Alouatta_palliata_x_Alouatta_pigra,
6,A.Atelinae,2 matches follow:,,
6,,by topology,B.Ateles,
6,,by topology,B.Lagothrix,
7,A.Ateles,unique by topology,B.unclassified_Ateles,
8,A.Ateles_belzebuth,unique by topology,B.Ateles_belzebuth,
9,A.Ateles_belzebuth_chamek,unique accepted/accepted,B.Ateles_belzebuth_chamek,
9,A.Ateles_belzebuth_marginatus,unique accepted/accepted,B.Ateles_belzebuth_marginatus,
8,A.Ateles_fusciceps,unique by topology,B.Ateles_fusciceps,
9,A.Ateles_fusciceps_robustus,unique accepted/accepted,B.Ateles_fusciceps_robustus,
9,A.Ateles_fusciceps_rufiventris,unique accepted/accepted,B.Ateles_fusciceps_rufiventris,
8,A.Ateles_geoffroyi,unique by topology,B.Ateles_geoffroyi,
9,A.Ateles_geoffroyi_panamensis,unique accepted/accepted,B.Ateles_geoffroyi_panamensis,
9,A.Ateles_geoffroyi_vellerosus,unique accepted/accepted,B.Ateles_geoffroyi_vellerosus,
9,A.Ateles_geoffroyi_yucatanensis,unique accepted/accepted,B.Ateles_geoffroyi_yucatanensis,
9,A.Ateles_geoffroyi_frontatus,unique accepted/accepted,B.Ateles_geoffroyi_frontatus,
9,A.Ateles_geoffroyi_ornatus,unique accepted/accepted,B.Ateles_geoffroyi_ornatus,
9,A.Ateles_geoffroyi_azuerensis,unique accepted/accepted,B.Ateles_geoffroyi_azuerensis,
8,A.Ateles_paniscus,unique accepted/accepted,B.Ateles_paniscus,
8,A.Ateles_sp.,unique accepted/accepted,B.Ateles_sp.,
8,A.Ateles_paniscus_x_Ateles_fusciceps,unique accepted/accepted,B.Ateles_paniscus_x_Ateles_fusciceps,
8,A.unclassified_Ateles,no match in B,,
9,A.Ateles_sp._haplotype_Abh9,unique accepted/accepted,B.Ateles_sp._haplotype_Abh9,
9,A.Ateles_sp._haplotype_Abh10,unique accepted/accepted,B.Ateles_sp._haplotype_Abh10,
9,A.Ateles_sp._haplotype_Abh11,unique accepted/accepted,B.Ateles_sp._haplotype_Abh11,
9,A.Ateles_sp._haplotype_Agsubspp._16,unique accepted/accepted,B.Ateles_sp._haplotype_Agsubspp._16,
9,A.Ateles_sp._haplotype_Afr19,unique accepted/accepted,B.Ateles_sp._haplotype_Afr19,
9,A.Ateles_sp._haplotype_Afr20,unique accepted/accepted,B.Ateles_sp._haplotype_Afr20,
9,A.Ateles_sp._haplotype_Afr21,unique accepted/accepted,B.Ateles_sp._haplotype_Afr21,
9,A.Ateles_sp._haplotype_Abh19,unique accepted/accepted,B.Ateles_sp._haplotype_Abh19,
9,A.Ateles_sp._haplotype_Agp13,unique accepted/accepted,B.Ateles_sp._haplotype_Agp13,
9,A.Ateles_sp._haplotype_Afr27,unique accepted/accepted,B.Ateles_sp._haplotype_Afr27,
9,A.Ateles_sp._KO-2004,unique accepted/accepted,B.Ateles_sp._KO-2004,
9,A.Ateles_sp._JPV-2004,unique accepted/accepted,B.Ateles_sp._JPV-2004,
8,A.Ateles_hybridus,unique by topology,B.Ateles_hybridus,
9,A.Ateles_hybridus_hybridus,unique accepted/accepted,B.Ateles_hybridus_hybridus,
8,A.Ateles_marginatus,unique accepted/accepted,B.Ateles_marginatus,
8,,placed with sibling(s),B.Ateles_sp._EG-2017,
7,A.Lagothrix,2 matches follow:,,
7,,by topology,B.unclassified_Lagothrix,
7,,synonym/synonym,B.woolly_monkeys,synonym of B.Lagothrix Lagothrix
8,A.Lagothrix_lagotricha,unique accepted/accepted,B.Lagothrix_lagotricha,
8,A.Lagothrix_sp._CCS-2009a,unique accepted/accepted,B.Lagothrix_sp._CCS-2009a,
8,A.Lagothrix_lugens,unique accepted/accepted,B.Lagothrix_lugens,
8,A.Lagothrix_poeppigii,unique accepted/accepted,B.Lagothrix_poeppigii,
8,A.Lagothrix_cana,unique accepted/accepted,B.Lagothrix_cana,
8,,placed with sibling(s),B.Lagothrix_sp._EG-2017,
7,A.Brachyteles,unique by topology,B.Brachyteles,
8,A.Brachyteles_arachnoides,unique accepted/accepted,B.Brachyteles_arachnoides,
8,A.Brachyteles_hypoxanthus,unique accepted/accepted,B.Brachyteles_hypoxanthus,
7,,placed with sibling(s),B.Lagothrix_flavicauda,
7,,placed with sibling(s),B.Lagothrix_tschudii,
5,,placed with sibling(s),B.Xenothricinae,
6,,,B.Xenothrix,
7,,,B.Xenothrix_mcgregori,
4,A.Catarrhini,2 matches follow:,,
4,,by topology,B.Cercopithecoidea,
4,,by topology,B.Hominoidea,
5,A.Cercopithecoidea,unique by topology,B.Cercopithecidae,
6,A.Cercopithecidae,3 matches follow:,,
6,,by topology,B.Cercopithecinae,
6,,by topology,B.Colobinae,
6,,synonym/synonym,B.Old_World_monkeys,synonym of B.Cercopithecidae Cercopithecidae
7,A.Cercopithecinae,4 matches follow:,,
7,,by topology,B.Cercopithecus,
7,,by topology,B.Macaca,
7,,by topology,B.Papio,
7,,by topology,B.Chlorocebus,
8,A.Cercocebus,unique by topology,B.Cercocebus,
9,A.Cercocebus_torquatus,unique by topology,B.Cercocebus_torquatus,
10,A.Cercocebus_torquatus_torquatus,unique accepted/accepted,B.Cercocebus_torquatus_torquatus,
9,A.Cercocebus_atys,unique by topology,B.Cercocebus_atys,
10,A.Cercocebus_atys_lunulatus,unique accepted/accepted,B.Cercocebus_atys_lunulatus,
10,,placed with sibling(s),B.Cercocebus_atys_atys,
9,A.Cercocebus_galeritus,unique accepted/accepted,B.Cercocebus_galeritus,
9,A.Cercocebus_chrysogaster,unique accepted/accepted,B.Cercocebus_chrysogaster,
9,A.Cercocebus_agilis,unique accepted/accepted,B.Cercocebus_agilis,
8,A.Cercopithecus,3 matches follow:,,
8,,by topology,B.unclassified_Cercopithecus,
8,,by topology,B.Allochrocebus,
8,,synonym/synonym,B.36532_merged_into_9533,synonym of B.Cercopithecus Cercopithecus
9,A.Cercopithecus_cephus,unique by topology,B.Cercopithecus_cephus,
10,A.Cercopithecus_cephus_ngottoensis,unique accepted/accepted,B.Cercopithecus_cephus_ngottoensis,
10,A.Cercopithecus_cephus_cephodes,unique accepted/accepted,B.Cercopithecus_cephus_cephodes,
10,A.Cercopithecus_cephus_cephus,unique accepted/accepted,B.Cercopithecus_cephus_cephus,
9,A.Cercopithecus_hamlyni,unique by topology,B.Cercopithecus_hamlyni,
10,A.Cercopithecus_hamlyni_hamlyni,unique accepted/accepted,B.Cercopithecus_hamlyni_hamlyni,
9,A.Cercopithecus_ascanius,unique by topology,B.Cercopithecus_ascanius,
10,A.Cercopithecus_ascanius_ascanius,unique accepted/accepted,B.Cercopithecus_ascanius_ascanius,
10,A.Cercopithecus_ascanius_katangae,unique accepted/accepted,B.Cercopithecus_ascanius_katangae,
10,A.Cercopithecus_ascanius_schmidti,unique accepted/accepted,B.Cercopithecus_ascanius_schmidti,
10,A.Cercopithecus_ascanius_whitesidei,unique accepted/accepted,B.Cercopithecus_ascanius_whitesidei,
9,A.Cercopithecus_diana,unique accepted/accepted,B.Cercopithecus_diana,
9,A.Cercopithecus_mitis,unique by topology,B.Cercopithecus_mitis,
10,A.Cercopithecus_mitis_boutourlinii,unique accepted/accepted,B.Cercopithecus_mitis_boutourlinii,
10,A.Cercopithecus_mitis_heymansi,unique accepted/accepted,B.Cercopithecus_mitis_heymansi,
10,A.Cercopithecus_mitis_mitis,unique accepted/accepted,B.Cercopithecus_mitis_mitis,
10,A.Cercopithecus_mitis_opisthostictus,unique accepted/accepted,B.Cercopithecus_mitis_opisthostictus,
10,A.Cercopithecus_mitis_stuhlmanni,unique accepted/accepted,B.Cercopithecus_mitis_stuhlmanni,
9,A.Cercopithecus_mona,unique by topology,B.Cercopithecus_mona,
10,A.Cercopithecus_mona_mona,unique accepted/accepted,B.Cercopithecus_mona_mona,
10,A.Cercopithecus_mona_campbelli,unique accepted/accepted,B.Cercopithecus_mona_campbelli,
9,A.Cercopithecus_neglectus,unique accepted/accepted,B.Cercopithecus_neglectus,
9,A.Cercopithecus_nictitans,unique by topology,B.Cercopithecus_nictitans,
10,A.Cercopithecus_nictitans_martini,unique accepted/accepted,B.Cercopithecus_nictitans_martini,
10,A.Cercopithecus_nictitans_nictitans,unique accepted/accepted,B.Cercopithecus_nictitans_nictitans,
9,A.Cercopithecus_lhoesti,2 matches follow:,,
9,,accepted/synonym,B.Cercopithecus_lhoesti,synonym of B.Allochrocebus_lhoesti Allochrocebus lhoesti
9,,mrca of B-synonyms,B.Allochrocebus_lhoesti,
9,A.Cercopithecus_petaurista,unique by topology,B.Cercopithecus_petaurista,
10,A.Cercopithecus_petaurista_petaurista,unique accepted/accepted,B.Cercopithecus_petaurista_petaurista,
10,A.Cercopithecus_petaurista_buettikoferi,unique accepted/accepted,B.Cercopithecus_petaurista_buettikoferi,
9,A.Cercopithecus_pogonias,unique by topology,B.Cercopithecus_pogonias,
10,A.Cercopithecus_pogonias_grayi,unique accepted/accepted,B.Cercopithecus_pogonias_grayi,
10,A.Cercopithecus_pogonias_nigripes,unique accepted/accepted,B.Cercopithecus_pogonias_nigripes,
10,A.Cercopithecus_pogonias_pogonias,unique accepted/accepted,B.Cercopithecus_pogonias_pogonias,
10,A.Cercopithecus_pogonias_schwarzianus,unique accepted/accepted,B.Cercopithecus_pogonias_schwarzianus,
9,A.Cercopithecus_preussi,unique by topology,B.Allochrocebus_preussi,
10,A.Cercopithecus_preussi_insularis,2 matches follow:,,
10,,accepted/synonym,B.Cercopithecus_preussi_insularis,synonym of B.Allochrocebus_preussi_insularis Allochrocebus preussi insularis
10,,mrca of B-synonyms,B.Allochrocebus_preussi_insularis,
10,A.Cercopithecus_preussi_preussi,2 matches follow:,,
10,,accepted/synonym,B.Cercopithecus_preussi_preussi,synonym of B.Allochrocebus_preussi_preussi Allochrocebus preussi preussi
10,,mrca of B-synonyms,B.Allochrocebus_preussi_preussi,
9,A.Cercopithecus_solatus,2 matches follow:,,
9,,accepted/synonym,B.Cercopithecus_solatus,synonym of B.Allochrocebus_solatus Allochrocebus solatus
9,,mrca of B-synonyms,B.Allochrocebus_solatus,
9,A.Cercopithecus_erythrogaster,unique by topology,B.Cercopithecus_erythrogaster,
10,A.Cercopithecus_erythrogaster_erythrogaster,unique accepted/accepted,B.Cercopithecus_erythrogaster_erythrogaster,
10,A.Cercopithecus_erythrogaster_pococki,unique accepted/accepted,B.Cercopithecus_erythrogaster_pococki,
9,A.Cercopithecus_erythrotis,unique by topology,B.Cercopithecus_erythrotis,
10,A.Cercopithecus_erythrotis_erythrotis,unique accepted/accepted,B.Cercopithecus_erythrotis_erythrotis,
10,A.Cercopithecus_erythrotis_camerunensis,unique accepted/accepted,B.Cercopithecus_erythrotis_camerunensis,
9,A.Cercopithecus_wolfi,unique by topology,B.Cercopithecus_wolfi,
10,A.Cercopithecus_wolfi_wolfi,unique accepted/accepted,B.Cercopithecus_wolfi_wolfi,
10,A.Cercopithecus_wolfi_elegans,unique accepted/accepted,B.Cercopithecus_wolfi_elegans,
10,A.Cercopithecus_wolfi_pyrogaster,unique accepted/accepted,B.Cercopithecus_wolfi_pyrogaster,
9,A.Cercopithecus_campbelli,unique by topology,B.Cercopithecus_campbelli,
10,A.Cercopithecus_campbelli_lowei,unique accepted/accepted,B.Cercopithecus_campbelli_lowei,
9,A.Cercopithecus_albogularis,unique by topology,B.Cercopithecus_albogularis,
10,A.Cercopithecus_albogularis_kolbi,unique accepted/accepted,B.Cercopithecus_albogularis_kolbi,
10,A.Cercopithecus_albogularis_albotorquatus,unique accepted/accepted,B.Cercopithecus_albogularis_albotorquatus,
10,A.Cercopithecus_albogularis_erythrarchus,unique accepted/accepted,B.Cercopithecus_albogularis_erythrarchus,
10,A.Cercopithecus_albogularis_francescae,unique accepted/accepted,B.Cercopithecus_albogularis_francescae,
10,A.Cercopithecus_albogularis_labiatus,unique accepted/accepted,B.Cercopithecus_albogularis_labiatus,
10,A.Cercopithecus_albogularis_moloneyi,unique accepted/accepted,B.Cercopithecus_albogularis_moloneyi,
10,A.Cercopithecus_albogularis_monoides,unique accepted/accepted,B.Cercopithecus_albogularis_monoides,
9,A.Cercopithecus_dryas,unique accepted/accepted,B.Cercopithecus_dryas,
9,A.Cercopithecus_roloway,unique accepted/accepted,B.Cercopithecus_roloway,
9,A.Cercopithecus_doggetti,unique accepted/accepted,B.Cercopithecus_doggetti,
9,A.Cercopithecus_kandti,unique accepted/accepted,B.Cercopithecus_kandti,
9,A.Cercopithecus_denti,unique accepted/accepted,B.Cercopithecus_denti,
9,A.Cercopithecus_sp._WMS-2012,unique accepted/accepted,B.Cercopithecus_sp._WMS-2012,
9,A.Cercopithecus_lomamiensis,unique accepted/accepted,B.Cercopithecus_lomamiensis,
8,A.Erythrocebus,unique by topology,B.Erythrocebus,
9,A.Erythrocebus_patas,unique accepted/accepted,B.Erythrocebus_patas,
8,A.Macaca,2 matches follow:,,
8,,by topology,B.unclassified_Macaca,
8,,synonym/synonym,B.macaques,synonym of B.Macaca Macaca
9,A.Macaca_arctoides,unique accepted/accepted,B.Macaca_arctoides,
9,A.Macaca_fascicularis,unique by topology,B.Macaca_fascicularis,
10,A.Macaca_fascicularis_philippinensis,unique accepted/accepted,B.Macaca_fascicularis_philippinensis,
10,A.Macaca_fascicularis_fascicularis,unique accepted/accepted,B.Macaca_fascicularis_fascicularis,
10,,placed with sibling(s),B.Macaca_fascicularis_aureus,
9,A.Macaca_fuscata,unique by topology,B.Macaca_fuscata,
10,A.Macaca_fuscata_fuscata,unique accepted/accepted,B.Macaca_fuscata_fuscata,
10,A.Macaca_fuscata_yakui,unique accepted/accepted,B.Macaca_fuscata_yakui,
9,A.Macaca_mulatta,unique by topology,B.Macaca_mulatta,
10,A.Macaca_mulatta_lasiotus,unique accepted/accepted,B.Macaca_mulatta_lasiotus,
10,,placed with sibling(s),B.Macaca_mulatta_brevicaudus,
10,,placed with sibling(s),B.Macaca_mulatta_vestita,
9,A.Macaca_nemestrina,unique by topology,B.Macaca_nemestrina,
10,A.Macaca_nemestrina_leonina,unique accepted/synonym,B.Macaca_nemestrina_leonina,synonym of B.Macaca_leonina Macaca leonina
10,A.Macaca_nemestrina_nemestrina,unique accepted/accepted,B.Macaca_nemestrina_nemestrina,
10,A.Macaca_nemestrina_siberu,unique accepted/synonym,B.Macaca_nemestrina_siberu,synonym of B.Macaca_siberu Macaca siberu
9,A.Macaca_sylvanus,unique accepted/accepted,B.Macaca_sylvanus,
9,A.Macaca_radiata,unique by topology,B.Macaca_radiata,
10,A.Macaca_radiata_radiata,unique accepted/accepted,B.Macaca_radiata_radiata,
9,A.Macaca_sp.,unique accepted/accepted,B.Macaca_sp.,
9,A.Macaca_assamensis,unique by topology,B.Macaca_assamensis,
10,A.Macaca_assamensis_assamensis,unique accepted/accepted,B.Macaca_assamensis_assamensis,
9,A.Macaca_sinica,unique accepted/accepted,B.Macaca_sinica,
9,A.Macaca_speciosa,unique accepted/accepted,B.Macaca_speciosa,
9,A.Macaca_tonkeana,unique accepted/accepted,B.Macaca_tonkeana,
9,A.Macaca_nigra,unique accepted/accepted,B.Macaca_nigra,
9,A.Macaca_silenus,unique accepted/accepted,B.Macaca_silenus,
9,A.Macaca_thibetana,unique by topology,B.Macaca_thibetana,
10,A.Macaca_thibetana_thibetana,unique accepted/accepted,B.Macaca_thibetana_thibetana,
9,A.Macaca_cyclopis,unique accepted/accepted,B.Macaca_cyclopis,
9,A.Macaca_brunnescens,unique accepted/accepted,B.Macaca_brunnescens,
9,A.Macaca_hecki,unique accepted/accepted,B.Macaca_hecki,
9,A.Macaca_maura,unique accepted/accepted,B.Macaca_maura,
9,A.Macaca_nigrescens,unique accepted/accepted,B.Macaca_nigrescens,
9,A.Macaca_ochreata,unique accepted/accepted,B.Macaca_ochreata,
9,A.Macaca_maura_x_tonkeana,unique accepted/accepted,B.Macaca_maura_x_tonkeana,
9,A.Macaca_hecki_x_tonkeana,unique accepted/accepted,B.Macaca_hecki_x_tonkeana,
9,A.Macaca_pagensis,unique accepted/accepted,B.Macaca_pagensis,
9,A.Macaca_balantak,unique accepted/accepted,B.Macaca_balantak,
9,A.Macaca_balantak_x_tonkeana,unique accepted/accepted,B.Macaca_balantak_x_tonkeana,
9,A.Macaca_leonina,unique accepted/accepted,B.Macaca_leonina,
9,A.Macaca_munzala,unique accepted/accepted,B.Macaca_munzala,
9,A.Macaca_siberu,unique accepted/accepted,B.Macaca_siberu,
8,A.Papio,2 matches follow:,,
8,,by topology,B.unclassified_Papio,
8,,synonym/synonym,B.baboons,synonym of B.Papio Papio
9,A.Papio_anubis,unique by topology,B.Papio_anubis,
10,A.Papio_anubis_anubis,unique accepted/accepted,B.Papio_anubis_anubis,
9,A.Papio_cynocephalus,unique by topology,B.Papio_cynocephalus,
10,A.Papio_cynocephalus_cynocephalus,unique accepted/accepted,B.Papio_cynocephalus_cynocephalus,
10,A.Papio_cynocephalus_ibeanus,unique accepted/accepted,B.Papio_cynocephalus_ibeanus,
9,A.Papio_hamadryas,unique by topology,B.Papio_hamadryas,
10,A.Papio_hamadryas_hamadryas,unique accepted/accepted,B.Papio_hamadryas_hamadryas,
9,A.Papio_ursinus,unique by topology,B.Papio_ursinus,
10,A.Papio_ursinus_ursinus,unique accepted/accepted,B.Papio_ursinus_ursinus,
10,,placed with sibling(s),B.Papio_ursinus_griseipes,
9,A.Papio_sp.,unique accepted/accepted,B.Papio_sp.,
9,A.Papio_papio,unique accepted/accepted,B.Papio_papio,
9,A.Papio_kindae,unique accepted/accepted,B.Papio_kindae,
9,A.Papio_cynocephalus_x_Papio_anubis,unique accepted/accepted,B.Papio_cynocephalus_x_Papio_anubis,
9,A.Papio_sp._Africa-2004,unique accepted/accepted,B.Papio_sp._Africa-2004,
9,A.Papio_sp._PS-2007,unique accepted/accepted,B.Papio_sp._PS-2007,
9,A.Papio_anubis_x_hamadryas,unique accepted/accepted,B.Papio_anubis_x_hamadryas,
8,A.Theropithecus,unique by topology,B.Theropithecus,
9,A.Theropithecus_gelada,unique accepted/accepted,B.Theropithecus_gelada,
8,A.Mandrillus,unique by topology,B.Mandrillus,
9,A.Mandrillus_sphinx,unique accepted/accepted,B.Mandrillus_sphinx,
9,A.Mandrillus_leucophaeus,unique accepted/accepted,B.Mandrillus_leucophaeus,
8,A.Miopithecus,unique by topology,B.Miopithecus,
9,A.Miopithecus_talapoin,unique by topology,B.Miopithecus_talapoin,
10,A.Miopithecus_talapoin_talapoin,unique accepted/accepted,B.Miopithecus_talapoin_talapoin,
9,A.Miopithecus_ogouensis,unique accepted/accepted,B.Miopithecus_ogouensis,
8,A.Allenopithecus,unique by topology,B.Allenopithecus,
9,A.Allenopithecus_nigroviridis,unique accepted/accepted,B.Allenopithecus_nigroviridis,
8,A.Lophocebus,unique by topology,B.Lophocebus,
9,A.Lophocebus_aterrimus,unique accepted/accepted,B.Lophocebus_aterrimus,
9,A.Lophocebus_albigena,unique by topology,B.Lophocebus_albigena,
10,A.Lophocebus_albigena_albigena,unique accepted/accepted,B.Lophocebus_albigena_albigena,
8,A.Rungwecebus,unique by topology,B.Rungwecebus,
9,A.Rungwecebus_kipunji,unique accepted/accepted,B.Rungwecebus_kipunji,
8,A.Chlorocebus,unique by topology,B.unclassified_Chlorocebus,
9,A.Chlorocebus_aethiops,unique by topology,B.Chlorocebus_aethiops,
10,A.Chlorocebus_aethiops_vervet,unique accepted/accepted,B.Chlorocebus_aethiops_vervet,
10,A.Chlorocebus_aethiops_aethiops,unique accepted/accepted,B.Chlorocebus_aethiops_aethiops,
9,A.Chlorocebus_pygerythrus,unique by topology,B.Chlorocebus_pygerythrus,
10,A.Chlorocebus_pygerythrus_pygerythrus,unique accepted/accepted,B.Chlorocebus_pygerythrus_pygerythrus,
10,A.Chlorocebus_pygerythrus_hilgerti,unique accepted/accepted,B.Chlorocebus_pygerythrus_hilgerti,
10,,placed with sibling(s),B.Chlorocebus_pygerythrus_x_Chlorocebus_aethiops,
9,A.Chlorocebus_sabaeus,unique accepted/accepted,B.Chlorocebus_sabaeus,
9,A.Chlorocebus_tantalus,unique by topology,B.Chlorocebus_tantalus,
10,A.Chlorocebus_tantalus_budgetti,unique accepted/accepted,B.Chlorocebus_tantalus_budgetti,
9,A.Chlorocebus_cynosuros,unique accepted/accepted,B.Chlorocebus_cynosuros,
9,A.Chlorocebus_sp._MAS-2011,unique accepted/accepted,B.Chlorocebus_sp._MAS-2011,
9,A.Chlorocebus_djamdjamensis,unique accepted/accepted,B.Chlorocebus_djamdjamensis,
9,A.Chlorocebus_sp._TH-2013,unique accepted/accepted,B.Chlorocebus_sp._TH-2013,
9,,placed with sibling(s),B.Chlorocebus_sp._LDS-2018,
8,,placed with sibling(s),B.Cercopithecus_sclateri,
8,,placed with sibling(s),B.Macaca_leucogenys,
8,,placed with sibling(s),B.Papio_anubis_x_Papio_cynocephalus,
8,,placed with sibling(s),B.Papio_anubis_x_Papio_ursinus,
8,,placed with sibling(s),B.Papio_kindae_x_Papio_cynocephalus,
8,,placed with sibling(s),B.Papio_kindae_x_Papio_ursinus_griseipes,
8,,placed with sibling(s),B.Chlorocebus_aethiops_x_djamdjamensis,
8,,placed with sibling(s),B.Chlorocebus_aethiops_x_Chlorocebus_pygerythrus,
7,A.Colobinae,2 matches follow:,,
7,,by topology,B.Colobus,
7,,by topology,B.Trachypithecus,
8,A.Colobus,2 matches follow:,,
8,,by topology,B.unclassified_Colobus,
8,,synonym/synonym,B.black-and-white_colobus_monkeys,synonym of B.Colobus Colobus
9,A.Colobus_polykomos,unique accepted/accepted,B.Colobus_polykomos,
9,A.Colobus_guereza,unique by topology,B.Colobus_guereza,
10,A.Colobus_guereza_kikuyuensis,unique accepted/accepted,B.Colobus_guereza_kikuyuensis,
10,A.Colobus_guereza_matschiei,unique accepted/accepted,B.Colobus_guereza_matschiei,
10,A.Colobus_guereza_caudatus,unique accepted/accepted,B.Colobus_guereza_caudatus,
10,A.Colobus_guereza_occidentalis,unique accepted/accepted,B.Colobus_guereza_occidentalis,
9,A.Colobus_sp.,unique accepted/accepted,B.Colobus_sp.,
9,A.Colobus_angolensis,unique by topology,B.Colobus_angolensis,
10,A.Colobus_angolensis_palliatus,unique accepted/accepted,B.Colobus_angolensis_palliatus,
9,A.Colobus_sp._DTG-2004,unique accepted/accepted,B.Colobus_sp._DTG-2004,
9,A.Colobus_sp._MB-2005,unique accepted/accepted,B.Colobus_sp._MB-2005,
9,A.Colobus_vellerosus,unique accepted/accepted,B.Colobus_vellerosus,
9,A.Colobus_vellerosus_x_angolensis,unique accepted/accepted,B.Colobus_vellerosus_x_angolensis,
9,A.Colobus_satanas,unique by topology,B.Colobus_satanas,
10,A.Colobus_satanas_satanas,unique accepted/accepted,B.Colobus_satanas_satanas,
8,A.Presbytis,unique by topology,B.Presbytis,
9,A.Presbytis_senex,unique accepted/accepted,B.Presbytis_senex,
9,A.Presbytis_melalophos,unique by topology,B.Presbytis_melalophos,
10,A.Presbytis_melalophos_mitrata,unique accepted/accepted,B.Presbytis_melalophos_mitrata,
10,A.Presbytis_melalophos_bicolor,unique accepted/accepted,B.Presbytis_melalophos_bicolor,
10,A.Presbytis_melalophos_melalophos,unique accepted/accepted,B.Presbytis_melalophos_melalophos,
10,A.Presbytis_melalophos_sumatranus,unique accepted/accepted,B.Presbytis_melalophos_sumatranus,
9,A.Presbytis_comata,unique by topology,B.Presbytis_comata,
10,A.Presbytis_comata_comata,unique accepted/accepted,B.Presbytis_comata_comata,
10,A.Presbytis_comata_fredericae,unique accepted/accepted,B.Presbytis_comata_fredericae,
9,A.Presbytis_femoralis,unique accepted/accepted,B.Presbytis_femoralis,
10,,placed with sibling(s),B.Presbytis_femoralis_femoralis,
9,A.Presbytis_chrysomelas,unique accepted/accepted,B.Presbytis_chrysomelas,
9,A.Presbytis_frontata,unique accepted/accepted,B.Presbytis_frontata,
9,A.Presbytis_hosei,unique by topology,B.Presbytis_hosei,
10,A.Presbytis_hosei_hosei,unique accepted/accepted,B.Presbytis_hosei_hosei,
9,A.Presbytis_potenziani,unique by topology,B.Presbytis_potenziani,
10,A.Presbytis_potenziani_potenziani,unique accepted/accepted,B.Presbytis_potenziani_potenziani,
10,A.Presbytis_potenziani_siberu,unique accepted/accepted,B.Presbytis_potenziani_siberu,
9,A.Presbytis_rubicunda,unique by topology,B.Presbytis_rubicunda,
10,A.Presbytis_rubicunda_rubicunda,unique accepted/accepted,B.Presbytis_rubicunda_rubicunda,
9,A.Presbytis_thomasi,unique accepted/accepted,B.Presbytis_thomasi,
8,A.Nasalis,unique by topology,B.Nasalis,
9,A.Nasalis_larvatus,unique accepted/accepted,B.Nasalis_larvatus,
8,A.Pygathrix,unique by topology,B.Pygathrix,
9,A.Pygathrix_nemaeus,unique by topology,B.Pygathrix_nemaeus,
10,A.Pygathrix_nemaeus_nemaeus,unique accepted/accepted,B.Pygathrix_nemaeus_nemaeus,
9,A.Pygathrix_nigripes,unique accepted/accepted,B.Pygathrix_nigripes,
9,A.Pygathrix_cinerea,unique accepted/accepted,B.Pygathrix_cinerea,
9,A.Pygathrix_cinerea_1_RL-2012,unique accepted/accepted,B.Pygathrix_cinerea_1_RL-2012,
9,A.Pygathrix_cinerea_2_RL-2012,unique accepted/accepted,B.Pygathrix_cinerea_2_RL-2012,
8,A.Trachypithecus,2 matches follow:,,
8,,by topology,B.unclassified_Trachypithecus,
8,,synonym/synonym,B.leaf_monkeys,synonym of B.Trachypithecus Trachypithecus
9,A.Trachypithecus_vetulus,unique by topology,B.Trachypithecus_vetulus,
10,A.Trachypithecus_vetulus_vetulus,unique accepted/accepted,B.Trachypithecus_vetulus_vetulus,
9,A.Trachypithecus_francoisi,unique by topology,B.Trachypithecus_francoisi,
10,A.Trachypithecus_francoisi_francoisi,unique accepted/accepted,B.Trachypithecus_francoisi_francoisi,
9,A.Trachypithecus_obscurus,unique accepted/accepted,B.Trachypithecus_obscurus,
9,A.Trachypithecus_phayrei,unique by topology,B.Trachypithecus_phayrei,
10,A.Trachypithecus_phayrei_phayrei,unique accepted/accepted,B.Trachypithecus_phayrei_phayrei,
10,A.Trachypithecus_phayrei_crepuscula,unique accepted/accepted,B.Trachypithecus_phayrei_crepuscula,
10,A.Trachypithecus_phayrei_holotephreus,unique accepted/accepted,B.Trachypithecus_phayrei_holotephreus,
10,A.Trachypithecus_phayrei_shanicus,unique accepted/accepted,B.Trachypithecus_phayrei_shanicus,
9,A.Trachypithecus_johnii,unique accepted/accepted,B.Trachypithecus_johnii,
9,A.Trachypithecus_cristatus,unique accepted/accepted,B.Trachypithecus_cristatus,
9,A.Trachypithecus_geei,unique accepted/accepted,B.Trachypithecus_geei,
9,A.Trachypithecus_pileatus,unique accepted/accepted,B.Trachypithecus_pileatus,
9,A.Trachypithecus_auratus,unique by topology,B.Trachypithecus_auratus,
10,A.Trachypithecus_auratus_pyrrhus,unique accepted/accepted,B.Trachypithecus_auratus_pyrrhus,
10,A.Trachypithecus_auratus_auratus,unique accepted/accepted,B.Trachypithecus_auratus_auratus,
10,A.Trachypithecus_auratus_mauritius,unique accepted/accepted,B.Trachypithecus_auratus_mauritius,
9,A.Trachypithecus_germaini,unique accepted/accepted,B.Trachypithecus_germaini,
9,A.Trachypithecus_barbei,unique accepted/accepted,B.Trachypithecus_barbei,
9,A.Trachypithecus_delacouri,unique accepted/accepted,B.Trachypithecus_delacouri,
9,A.Trachypithecus_laotum,unique accepted/accepted,B.Trachypithecus_laotum,
9,A.Trachypithecus_poliocephalus,unique by topology,B.Trachypithecus_poliocephalus,
10,A.Trachypithecus_poliocephalus_leucocephalus,unique accepted/accepted,B.Trachypithecus_poliocephalus_leucocephalus,
10,A.Trachypithecus_poliocephalus_poliocephalus,unique accepted/accepted,B.Trachypithecus_poliocephalus_poliocephalus,
9,A.Trachypithecus_sp.,unique accepted/accepted,B.Trachypithecus_sp.,
9,A.Trachypithecus_francoisi_x_poliocephalus,unique accepted/accepted,B.Trachypithecus_francoisi_x_poliocephalus,
9,A.Trachypithecus_hatinhensis,unique accepted/accepted,B.Trachypithecus_hatinhensis,
9,A.Trachypithecus_shortridgei,unique accepted/accepted,B.Trachypithecus_shortridgei,
8,A.Semnopithecus,unique by topology,B.Semnopithecus,
9,A.Semnopithecus_entellus,unique by topology,B.Semnopithecus_entellus,
10,A.Semnopithecus_entellus_priam,unique accepted/synonym,B.Semnopithecus_entellus_priam,synonym of B.Semnopithecus_priam Semnopithecus priam
10,A.Semnopithecus_entellus_entellus,unique accepted/accepted,B.Semnopithecus_entellus_entellus,
9,A.Semnopithecus_hector,unique accepted/accepted,B.Semnopithecus_hector,
9,A.Semnopithecus_priam,unique accepted/accepted,B.Semnopithecus_priam,
9,A.Semnopithecus_hypoleucos,unique accepted/accepted,B.Semnopithecus_hypoleucos,
9,,placed with sibling(s),B.unclassified_Semnopithecus,
10,,,B.Semnopithecus_sp.,
8,A.Procolobus,unique by topology,B.Procolobus,
9,A.Procolobus_verus,unique accepted/accepted,B.Procolobus_verus,
8,A.Rhinopithecus,unique by topology,B.Rhinopithecus,
9,A.Rhinopithecus_bieti,unique accepted/accepted,B.Rhinopithecus_bieti,
9,A.Rhinopithecus_roxellana,unique accepted/accepted,B.Rhinopithecus_roxellana,
9,A.Rhinopithecus_avunculus,unique accepted/accepted,B.Rhinopithecus_avunculus,
9,A.Rhinopithecus_brelichi,unique accepted/accepted,B.Rhinopithecus_brelichi,
9,A.Rhinopithecus_bieti_1_RL-2012,unique accepted/accepted,B.Rhinopithecus_bieti_1_RL-2012,
9,A.Rhinopithecus_bieti_2_RL-2012,unique accepted/accepted,B.Rhinopithecus_bieti_2_RL-2012,
9,A.Rhinopithecus_strykeri,unique accepted/accepted,B.Rhinopithecus_strykeri,
9,,placed with sibling(s),B.unclassified_Rhinopithecus,
10,,,B.Rhinopithecus_sp.,
8,A.Piliocolobus,unique by topology,B.Piliocolobus,
9,A.Piliocolobus_badius,unique by topology,B.Piliocolobus_badius,
10,A.Piliocolobus_badius_badius,unique accepted/accepted,B.Piliocolobus_badius_badius,
10,A.Piliocolobus_badius_temminckii,unique accepted/accepted,B.Piliocolobus_badius_temminckii,
9,A.Piliocolobus_gordonorum,unique accepted/accepted,B.Piliocolobus_gordonorum,
9,A.Piliocolobus_rufomitratus,unique accepted/accepted,B.Piliocolobus_rufomitratus,
9,A.Piliocolobus_tholloni,unique accepted/accepted,B.Piliocolobus_tholloni,
9,A.Piliocolobus_tephrosceles,unique accepted/accepted,B.Piliocolobus_tephrosceles,
9,A.Piliocolobus_kirkii,unique accepted/accepted,B.Piliocolobus_kirkii,
9,A.Piliocolobus_foai,unique accepted/accepted,B.Piliocolobus_foai,
9,A.Piliocolobus_pennantii,unique accepted/accepted,B.Piliocolobus_pennantii,
9,A.Piliocolobus_preussi,unique accepted/accepted,B.Piliocolobus_preussi,
8,A.Simias,unique by topology,B.Simias,
9,A.Simias_concolor,unique accepted/accepted,B.Simias_concolor,
8,,placed with sibling(s),B.Trachypithecus_mauritius,
7,A.Cercopithecidae_gen._sp.,unique accepted/accepted,B.Cercopithecidae_gen._sp.,
5,A.Hominoidea,3 matches follow:,,
5,,by topology,B.Hylobatidae,
5,,by topology,B.Hominidae,
5,,synonym/synonym,B.apes,synonym of B.Hominoidea Hominoidea
6,A.Hylobatidae,2 matches follow:,,
6,,by topology,B.Hylobates,
6,,synonym/synonym,B.gibbons,synonym of B.Hylobatidae Hylobatidae
7,A.Hylobates,unique by topology,B.unclassified_Hylobates,
8,A.Hylobates_agilis,unique by topology,B.Hylobates_agilis,
9,A.Hylobates_agilis_unko,unique accepted/accepted,B.Hylobates_agilis_unko,
9,A.Hylobates_agilis_agilis,unique accepted/accepted,B.Hylobates_agilis_agilis,
8,A.Hylobates_lar,unique by topology,B.Hylobates_lar,
9,A.Hylobates_lar_carpenteri,unique accepted/accepted,B.Hylobates_lar_carpenteri,
9,A.Hylobates_lar_entelloides,unique accepted/accepted,B.Hylobates_lar_entelloides,
9,A.Hylobates_lar_lar,unique accepted/accepted,B.Hylobates_lar_lar,
9,A.Hylobates_lar_vestitus,unique accepted/accepted,B.Hylobates_lar_vestitus,
8,A.Hylobates_sp.,unique accepted/accepted,B.Hylobates_sp.,
8,A.Hylobates_klossii,unique accepted/accepted,B.Hylobates_klossii,
8,A.Hylobates_muelleri,unique by topology,B.Hylobates_muelleri,
9,A.Hylobates_muelleri_muelleri,unique accepted/accepted,B.Hylobates_muelleri_muelleri,
9,A.Hylobates_muelleri_funereus,unique accepted/accepted,B.Hylobates_muelleri_funereus,
9,A.Hylobates_muelleri_abbotti,unique accepted/accepted,B.Hylobates_muelleri_abbotti,
8,A.Hylobates_pileatus,unique accepted/accepted,B.Hylobates_pileatus,
8,A.Hylobates_moloch,unique accepted/accepted,B.Hylobates_moloch,
8,A.Hylobates_sp._TIB-201,unique accepted/accepted,B.Hylobates_sp._TIB-201,
8,A.Hylobates_sp._IGL-2004,unique accepted/accepted,B.Hylobates_sp._IGL-2004,
8,A.Hylobates_sp._AMA-2004,unique accepted/accepted,B.Hylobates_sp._AMA-2004,
8,A.Hylobates_sp._ECACC_MLA144,unique accepted/accepted,B.Hylobates_sp._ECACC_MLA144,
8,A.Hylobates_sp._PS-2007,unique accepted/accepted,B.Hylobates_sp._PS-2007,
8,A.Hylobates_alibarbis,2 matches follow:,,
8,,synonym/synonym,B.Hylobates_agilis_albibarbis,synonym of B.Hylobates_albibarbis Hylobates albibarbis
8,,mrca of B-synonyms,B.Hylobates_albibarbis,
8,,placed with sibling(s),B.Hylobates_sp._OH-2017,
7,A.Nomascus,unique by topology,B.Nomascus,
8,A.Nomascus_siki,unique accepted/accepted,B.Nomascus_siki,
8,A.Nomascus_concolor,unique by topology,B.Nomascus_concolor,
9,A.Nomascus_concolor_jingdongensis,unique accepted/accepted,B.Nomascus_concolor_jingdongensis,
9,A.Nomascus_concolor_furvogaster,unique accepted/accepted,B.Nomascus_concolor_furvogaster,
9,A.Nomascus_concolor_concolor,unique accepted/accepted,B.Nomascus_concolor_concolor,
9,A.Nomascus_concolor_lu,unique accepted/accepted,B.Nomascus_concolor_lu,
8,A.Nomascus_gabriellae,unique accepted/accepted,B.Nomascus_gabriellae,
8,A.Nomascus_leucogenys,unique accepted/accepted,B.Nomascus_leucogenys,
8,A.Nomascus_nasutus,unique accepted/accepted,B.Nomascus_nasutus,
8,A.Nomascus_hainanus,unique accepted/accepted,B.Nomascus_hainanus,
8,,placed with sibling(s),B.Nomascus_annamensis,
8,,placed with sibling(s),B.Nomascus_gabriellae_x_Nomascus_siki,
8,,placed with sibling(s),B.Nomascus_leucogenys_x_Nomascus_siki,
8,,placed with sibling(s),B.Nomascus_cf._leucogenys_SSH-2018,
7,A.Symphalangus,unique by topology,B.Symphalangus,
8,A.Symphalangus_syndactylus,unique by topology,B.Symphalangus_syndactylus,
9,A.Symphalangus_syndactylus_syndactylus,unique accepted/accepted,B.Symphalangus_syndactylus_syndactylus,
7,A.Hoolock,unique by topology,B.Hoolock,
8,A.Hoolock_hoolock,unique accepted/accepted,B.Hoolock_hoolock,
8,A.Hoolock_leuconedys,unique accepted/accepted,B.Hoolock_leuconedys,
8,,placed with sibling(s),B.Hoolock_tianxing,
8,,placed with sibling(s),B.Hoolock_leuconedys_x_Hoolock_tianxing,
6,A.Hominidae,2 matches follow:,,
6,,by topology,B.Ponginae,
6,,synonym/synonym,B.Pongidae,synonym of B.Hominidae Hominidae
7,A.Homininae,unique by topology,B.Homininae,
8,A.Gorilla,unique by topology,B.Gorilla,
9,A.Gorilla_gorilla,unique by topology,B.Gorilla_gorilla,
10,A.Gorilla_gorilla_gorilla,unique accepted/accepted,B.Gorilla_gorilla_gorilla,
10,A.Gorilla_gorilla_uellensis,unique accepted/accepted,B.Gorilla_gorilla_uellensis,
10,A.Gorilla_gorilla_diehli,unique accepted/accepted,B.Gorilla_gorilla_diehli,
9,A.Gorilla_beringei,unique by topology,B.Gorilla_beringei,
10,A.Gorilla_beringei_graueri,unique accepted/accepted,B.Gorilla_beringei_graueri,
10,A.Gorilla_beringei_beringei,unique accepted/accepted,B.Gorilla_beringei_beringei,
8,A.Pan,unique by topology,B.Pan,
9,A.Pan_paniscus,unique accepted/accepted,B.Pan_paniscus,
9,A.Pan_troglodytes,unique by topology,B.Pan_troglodytes,
10,A.Pan_troglodytes_schweinfurthii,unique accepted/accepted,B.Pan_troglodytes_schweinfurthii,
10,A.Pan_troglodytes_troglodytes,unique accepted/accepted,B.Pan_troglodytes_troglodytes,
10,A.Pan_troglodytes_verus,unique accepted/accepted,B.Pan_troglodytes_verus,
10,A.Pan_troglodytes_vellerosus,unique accepted/accepted,B.Pan_troglodytes_vellerosus,
10,A.Pan_troglodytes_ellioti,unique accepted/accepted,B.Pan_troglodytes_ellioti,
10,A.Pan_troglodytes_verus_x_troglodytes,unique accepted/accepted,B.Pan_troglodytes_verus_x_troglodytes,
8,A.Homo,unique by topology,B.Homo,
9,A.Homo_sapiens,unique by topology,B.Homo_sapiens,
10,A.Homo_sapiens_neanderthalensis,unique accepted/accepted,B.Homo_sapiens_neanderthalensis,
10,A.Homo_sapiens_ssp._Denisova,2 matches follow:,,
10,,synonym/synonym,B.Homo_sapiens_ssp._'Denisova',synonym of B.Homo_sapiens_subsp._'Denisova' Homo sapiens subsp. 'Denisova'
10,,mrca of B-synonyms,B.Homo_sapiens_subsp._'Denisova',
9,A.Homo_heidelbergensis,unique accepted/accepted,B.Homo_heidelbergensis,
7,A.Ponginae,unique by topology,B.Pongo,
8,A.Pongo,unique by topology,B.unclassified_Pongo,
9,A.Pongo_pygmaeus,unique by topology,B.Pongo_pygmaeus,
10,A.Pongo_pygmaeus_pygmaeus,unique accepted/accepted,B.Pongo_pygmaeus_pygmaeus,
9,A.Pongo_abelii,unique accepted/accepted,B.Pongo_abelii,
9,A.Pongo_sp.,unique accepted/accepted,B.Pongo_sp.,
9,A.Pongo_abelii_x_pygmaeus,unique accepted/accepted,B.Pongo_abelii_x_pygmaeus,
8,,placed with sibling(s),B.Pongo_tapanuliensis,
3,A.Tarsiiformes,unique by topology,B.Tarsiidae,
4,A.Tarsiidae,2 matches follow:,,
4,,by topology,B.Tarsius,
4,,synonym/synonym,B.tarsiers,synonym of B.Tarsiidae Tarsiidae
5,A.Tarsius,4 matches follow:,,
5,,by topology,B.unclassified_Tarsius,
5,,by topology,B.Carlito,
5,,by topology,B.Cephalopachus,
5,,synonym/synonym,B.tarsier,synonym of B.Tarsius Tarsius
6,A.Tarsius_bancanus,2 matches follow:,,
6,,accepted/synonym,B.Tarsius_bancanus,synonym of B.Cephalopachus_bancanus Cephalopachus bancanus
6,,mrca of B-synonyms,B.Cephalopachus_bancanus,
7,,placed with sibling(s),B.Cephalopachus_bancanus_bancanus,
7,,placed with sibling(s),B.Cephalopachus_bancanus_borneanus,
6,A.Tarsius_syrichta,2 matches follow:,,
6,,accepted/synonym,B.Tarsius_syrichta,synonym of B.Carlito_syrichta Carlito syrichta
6,,mrca of B-synonyms,B.Carlito_syrichta,
6,A.Tarsius_sp.,unique accepted/accepted,B.Tarsius_sp.,
6,A.Tarsius_dentatus,unique accepted/accepted,B.Tarsius_dentatus,
6,A.Tarsius_lariang,unique accepted/accepted,B.Tarsius_lariang,
6,A.Tarsius_dentatus_x_lariang,unique accepted/accepted,B.Tarsius_dentatus_x_lariang,
6,A.Tarsius_tarsier,unique accepted/accepted,B.Tarsius_tarsier,
6,A.Tarsius_sp._FFA-2009a,unique accepted/accepted,B.Tarsius_sp._FFA-2009a,
6,A.Tarsius_sangirensis,unique accepted/accepted,B.Tarsius_sangirensis,
6,A.Tarsius_wallacei,unique accepted/accepted,B.Tarsius_wallacei,
6,,placed with sibling(s),B.Tarsius_sp._CD-2015,
5,,placed with sibling(s),B.Tarsius_fuscus,
